[
    {
        "Ambient Temperature": "17.01\u00b0C",
        "Humidity": "30.01%",
        "pressure": "800.01hPa",
        "altitude": "10m"
    },
    {
        "Ambient Temperature": "17.02\u00b0C",
        "Humidity": "30.02%",
        "pressure": "800.02hPa",
        "altitude": "20m"
    },
    {
        "Ambient Temperature": "17.03\u00b0C",
        "Humidity": "30.03%",
        "pressure": "800.03hPa",
        "altitude": "30m"
    },
    {
        "Ambient Temperature": "17.04\u00b0C",
        "Humidity": "30.04%",
        "pressure": "800.04hPa",
        "altitude": "40m"
    },
    {
        "Ambient Temperature": "17.05\u00b0C",
        "Humidity": "30.05%",
        "pressure": "800.05hPa",
        "altitude": "50m"
    },
    {
        "Ambient Temperature": "17.06\u00b0C",
        "Humidity": "30.06%",
        "pressure": "800.06hPa",
        "altitude": "60m"
    },
    {
        "Ambient Temperature": "17.07\u00b0C",
        "Humidity": "30.07%",
        "pressure": "800.07hPa",
        "altitude": "70m"
    },
    {
        "Ambient Temperature": "17.08\u00b0C",
        "Humidity": "30.08%",
        "pressure": "800.08hPa",
        "altitude": "80m"
    },
    {
        "Ambient Temperature": "17.09\u00b0C",
        "Humidity": "30.09%",
        "pressure": "800.09hPa",
        "altitude": "90m"
    },
    {
        "Ambient Temperature": "17.10\u00b0C",
        "Humidity": "30.10%",
        "pressure": "800.10hPa",
        "altitude": "100m"
    },
    {
        "Ambient Temperature": "17.11\u00b0C",
        "Humidity": "30.11%",
        "pressure": "800.11hPa",
        "altitude": "110m"
    },
    {
        "Ambient Temperature": "17.12\u00b0C",
        "Humidity": "30.12%",
        "pressure": "800.12hPa",
        "altitude": "120m"
    },
    {
        "Ambient Temperature": "17.13\u00b0C",
        "Humidity": "30.13%",
        "pressure": "800.13hPa",
        "altitude": "130m"
    },
    {
        "Ambient Temperature": "17.14\u00b0C",
        "Humidity": "30.14%",
        "pressure": "800.14hPa",
        "altitude": "140m"
    },
    {
        "Ambient Temperature": "17.15\u00b0C",
        "Humidity": "30.15%",
        "pressure": "800.15hPa",
        "altitude": "150m"
    },
    {
        "Ambient Temperature": "17.16\u00b0C",
        "Humidity": "30.16%",
        "pressure": "800.16hPa",
        "altitude": "160m"
    },
    {
        "Ambient Temperature": "17.17\u00b0C",
        "Humidity": "30.17%",
        "pressure": "800.17hPa",
        "altitude": "170m"
    },
    {
        "Ambient Temperature": "17.18\u00b0C",
        "Humidity": "30.18%",
        "pressure": "800.18hPa",
        "altitude": "180m"
    },
    {
        "Ambient Temperature": "17.19\u00b0C",
        "Humidity": "30.19%",
        "pressure": "800.19hPa",
        "altitude": "190m"
    },
    {
        "Ambient Temperature": "17.20\u00b0C",
        "Humidity": "30.20%",
        "pressure": "800.20hPa",
        "altitude": "200m"
    },
    {
        "Ambient Temperature": "17.21\u00b0C",
        "Humidity": "30.21%",
        "pressure": "800.21hPa",
        "altitude": "210m"
    },
    {
        "Ambient Temperature": "17.22\u00b0C",
        "Humidity": "30.22%",
        "pressure": "800.22hPa",
        "altitude": "220m"
    },
    {
        "Ambient Temperature": "17.01\u00b0C",
        "Humidity": "30.01%",
        "pressure": "800.01hPa",
        "altitude": "10m"
    },
    {
        "Ambient Temperature": "17.02\u00b0C",
        "Humidity": "30.02%",
        "pressure": "800.02hPa",
        "altitude": "20m"
    },
    {
        "Ambient Temperature": "17.03\u00b0C",
        "Humidity": "30.03%",
        "pressure": "800.03hPa",
        "altitude": "30m"
    },
    {
        "Ambient Temperature": "17.04\u00b0C",
        "Humidity": "30.04%",
        "pressure": "800.04hPa",
        "altitude": "40m"
    },
    {
        "Ambient Temperature": "17.05\u00b0C",
        "Humidity": "30.05%",
        "pressure": "800.05hPa",
        "altitude": "50m"
    },
    {
        "Ambient Temperature": "17.06\u00b0C",
        "Humidity": "30.06%",
        "pressure": "800.06hPa",
        "altitude": "60m"
    },
    {
        "Ambient Temperature": "17.07\u00b0C",
        "Humidity": "30.07%",
        "pressure": "800.07hPa",
        "altitude": "70m"
    },
    {
        "Ambient Temperature": "17.08\u00b0C",
        "Humidity": "30.08%",
        "pressure": "800.08hPa",
        "altitude": "80m"
    },
    {
        "Ambient Temperature": "17.09\u00b0C",
        "Humidity": "30.09%",
        "pressure": "800.09hPa",
        "altitude": "90m"
    },
    {
        "Ambient Temperature": "17.10\u00b0C",
        "Humidity": "30.10%",
        "pressure": "800.10hPa",
        "altitude": "100m"
    },
    {
        "Ambient Temperature": "17.11\u00b0C",
        "Humidity": "30.11%",
        "pressure": "800.11hPa",
        "altitude": "110m"
    },
    {
        "Ambient Temperature": "17.12\u00b0C",
        "Humidity": "30.12%",
        "pressure": "800.12hPa",
        "altitude": "120m"
    },
    {
        "Ambient Temperature": "17.13\u00b0C",
        "Humidity": "30.13%",
        "pressure": "800.13hPa",
        "altitude": "130m"
    },
    {
        "Ambient Temperature": "17.14\u00b0C",
        "Humidity": "30.14%",
        "pressure": "800.14hPa",
        "altitude": "140m"
    },
    {
        "Ambient Temperature": "17.15\u00b0C",
        "Humidity": "30.15%",
        "pressure": "800.15hPa",
        "altitude": "150m"
    },
    {
        "Ambient Temperature": "17.16\u00b0C",
        "Humidity": "30.16%",
        "pressure": "800.16hPa",
        "altitude": "160m"
    },
    {
        "Ambient Temperature": "17.17\u00b0C",
        "Humidity": "30.17%",
        "pressure": "800.17hPa",
        "altitude": "170m"
    },
    {
        "Ambient Temperature": "17.18\u00b0C",
        "Humidity": "30.18%",
        "pressure": "800.18hPa",
        "altitude": "180m"
    },
    {
        "Ambient Temperature": "17.19\u00b0C",
        "Humidity": "30.19%",
        "pressure": "800.19hPa",
        "altitude": "190m"
    },
    {
        "Ambient Temperature": "17.20\u00b0C",
        "Humidity": "30.20%",
        "pressure": "800.20hPa",
        "altitude": "200m"
    },
    {
        "Ambient Temperature": "17.21\u00b0C",
        "Humidity": "30.21%",
        "pressure": "800.21hPa",
        "altitude": "210m"
    },
    {
        "Ambient Temperature": "17.22\u00b0C",
        "Humidity": "30.22%",
        "pressure": "800.22hPa",
        "altitude": "220m"
    },
    {
        "Ambient Temperature": "17.23\u00b0C",
        "Humidity": "30.23%",
        "pressure": "800.23hPa",
        "altitude": "230m"
    },
    {
        "Ambient Temperature": "17.24\u00b0C",
        "Humidity": "30.24%",
        "pressure": "800.24hPa",
        "altitude": "240m"
    },
    {
        "Ambient Temperature": "17.25\u00b0C",
        "Humidity": "30.25%",
        "pressure": "800.25hPa",
        "altitude": "250m"
    },
    {
        "Ambient Temperature": "17.26\u00b0C",
        "Humidity": "30.26%",
        "pressure": "800.26hPa",
        "altitude": "260m"
    },
    {
        "Ambient Temperature": "17.27\u00b0C",
        "Humidity": "30.27%",
        "pressure": "800.27hPa",
        "altitude": "270m"
    },
    {
        "Ambient Temperature": "17.01\u00b0C",
        "Humidity": "30.01%",
        "pressure": "800.01hPa",
        "altitude": "10m"
    },
    {
        "Ambient Temperature": "17.02\u00b0C",
        "Humidity": "30.02%",
        "pressure": "800.02hPa",
        "altitude": "20m"
    },
    {
        "Ambient Temperature": "17.03\u00b0C",
        "Humidity": "30.03%",
        "pressure": "800.03hPa",
        "altitude": "30m"
    },
    {
        "Ambient Temperature": "17.04\u00b0C",
        "Humidity": "30.04%",
        "pressure": "800.04hPa",
        "altitude": "40m"
    },
    {
        "Ambient Temperature": "17.05\u00b0C",
        "Humidity": "30.05%",
        "pressure": "800.05hPa",
        "altitude": "50m"
    },
    {
        "Ambient Temperature": "17.06\u00b0C",
        "Humidity": "30.06%",
        "pressure": "800.06hPa",
        "altitude": "60m"
    },
    {
        "Ambient Temperature": "17.07\u00b0C",
        "Humidity": "30.07%",
        "pressure": "800.07hPa",
        "altitude": "70m"
    },
    {
        "Ambient Temperature": "17.08\u00b0C",
        "Humidity": "30.08%",
        "pressure": "800.08hPa",
        "altitude": "80m"
    },
    {
        "Ambient Temperature": "17.09\u00b0C",
        "Humidity": "30.09%",
        "pressure": "800.09hPa",
        "altitude": "90m"
    },
    {
        "Ambient Temperature": "17.10\u00b0C",
        "Humidity": "30.10%",
        "pressure": "800.10hPa",
        "altitude": "100m"
    },
    {
        "Ambient Temperature": "17.11\u00b0C",
        "Humidity": "30.11%",
        "pressure": "800.11hPa",
        "altitude": "110m"
    },
    {
        "Ambient Temperature": "17.12\u00b0C",
        "Humidity": "30.12%",
        "pressure": "800.12hPa",
        "altitude": "120m"
    },
    {
        "Ambient Temperature": "17.13\u00b0C",
        "Humidity": "30.13%",
        "pressure": "800.13hPa",
        "altitude": "130m"
    },
    {
        "Ambient Temperature": "17.14\u00b0C",
        "Humidity": "30.14%",
        "pressure": "800.14hPa",
        "altitude": "140m"
    },
    {
        "Ambient Temperature": "17.15\u00b0C",
        "Humidity": "30.15%",
        "pressure": "800.15hPa",
        "altitude": "150m"
    },
    {
        "Ambient Temperature": "17.16\u00b0C",
        "Humidity": "30.16%",
        "pressure": "800.16hPa",
        "altitude": "160m"
    },
    {
        "Ambient Temperature": "17.01\u00b0C",
        "Humidity": "30.01%",
        "pressure": "800.01hPa",
        "altitude": "10m"
    },
    {
        "Ambient Temperature": "17.02\u00b0C",
        "Humidity": "30.02%",
        "pressure": "800.02hPa",
        "altitude": "20m"
    },
    {
        "Ambient Temperature": "17.03\u00b0C",
        "Humidity": "30.03%",
        "pressure": "800.03hPa",
        "altitude": "30m"
    },
    {
        "Ambient Temperature": "17.04\u00b0C",
        "Humidity": "30.04%",
        "pressure": "800.04hPa",
        "altitude": "40m"
    },
    {
        "Ambient Temperature": "17.05\u00b0C",
        "Humidity": "30.05%",
        "pressure": "800.05hPa",
        "altitude": "50m"
    },
    {
        "Ambient Temperature": "17.06\u00b0C",
        "Humidity": "30.06%",
        "pressure": "800.06hPa",
        "altitude": "60m"
    },
    {
        "Ambient Temperature": "17.07\u00b0C",
        "Humidity": "30.07%",
        "pressure": "800.07hPa",
        "altitude": "70m"
    },
    {
        "Ambient Temperature": "17.08\u00b0C",
        "Humidity": "30.08%",
        "pressure": "800.08hPa",
        "altitude": "80m"
    },
    {
        "Ambient Temperature": "17.09\u00b0C",
        "Humidity": "30.09%",
        "pressure": "800.09hPa",
        "altitude": "90m"
    },
    {
        "Ambient Temperature": "17.10\u00b0C",
        "Humidity": "30.10%",
        "pressure": "800.10hPa",
        "altitude": "100m"
    },
    {
        "Ambient Temperature": "17.11\u00b0C",
        "Humidity": "30.11%",
        "pressure": "800.11hPa",
        "altitude": "110m"
    },
    {
        "Ambient Temperature": "17.12\u00b0C",
        "Humidity": "30.12%",
        "pressure": "800.12hPa",
        "altitude": "120m"
    },
    {
        "Ambient Temperature": "17.13\u00b0C",
        "Humidity": "30.13%",
        "pressure": "800.13hPa",
        "altitude": "130m"
    },
    {
        "Ambient Temperature": "17.14\u00b0C",
        "Humidity": "30.14%",
        "pressure": "800.14hPa",
        "altitude": "140m"
    },
    {
        "Ambient Temperature": "17.15\u00b0C",
        "Humidity": "30.15%",
        "pressure": "800.15hPa",
        "altitude": "150m"
    },
    {
        "Ambient Temperature": "17.16\u00b0C",
        "Humidity": "30.16%",
        "pressure": "800.16hPa",
        "altitude": "160m"
    },
    {
        "Ambient Temperature": "17.17\u00b0C",
        "Humidity": "30.17%",
        "pressure": "800.17hPa",
        "altitude": "170m"
    },
    {
        "Ambient Temperature": "17.18\u00b0C",
        "Humidity": "30.18%",
        "pressure": "800.18hPa",
        "altitude": "180m"
    },
    {
        "Ambient Temperature": "17.19\u00b0C",
        "Humidity": "30.19%",
        "pressure": "800.19hPa",
        "altitude": "190m"
    },
    {
        "Ambient Temperature": "17.20\u00b0C",
        "Humidity": "30.20%",
        "pressure": "800.20hPa",
        "altitude": "200m"
    },
    {
        "Ambient Temperature": "17.21\u00b0C",
        "Humidity": "30.21%",
        "pressure": "800.21hPa",
        "altitude": "210m"
    },
    {
        "Ambient Temperature": "17.22\u00b0C",
        "Humidity": "30.22%",
        "pressure": "800.22hPa",
        "altitude": "220m"
    },
    {
        "Ambient Temperature": "17.23\u00b0C",
        "Humidity": "30.23%",
        "pressure": "800.23hPa",
        "altitude": "230m"
    },
    {
        "Ambient Temperature": "17.24\u00b0C",
        "Humidity": "30.24%",
        "pressure": "800.24hPa",
        "altitude": "240m"
    },
    {
        "Ambient Temperature": "17.25\u00b0C",
        "Humidity": "30.25%",
        "pressure": "800.25hPa",
        "altitude": "250m"
    },
    {
        "Ambient Temperature": "17.26\u00b0C",
        "Humidity": "30.26%",
        "pressure": "800.26hPa",
        "altitude": "260m"
    },
    {
        "Ambient Temperature": "17.27\u00b0C",
        "Humidity": "30.27%",
        "pressure": "800.27hPa",
        "altitude": "270m"
    },
    {
        "Ambient Temperature": "17.28\u00b0C",
        "Humidity": "30.28%",
        "pressure": "800.28hPa",
        "altitude": "280m"
    },
    {
        "Ambient Temperature": "17.29\u00b0C",
        "Humidity": "30.29%",
        "pressure": "800.29hPa",
        "altitude": "290m"
    },
    {
        "Ambient Temperature": "17.30\u00b0C",
        "Humidity": "30.30%",
        "pressure": "800.30hPa",
        "altitude": "300m"
    },
    {
        "Ambient Temperature": "17.31\u00b0C",
        "Humidity": "30.31%",
        "pressure": "800.31hPa",
        "altitude": "310m"
    },
    {
        "Ambient Temperature": "17.32\u00b0C",
        "Humidity": "30.32%",
        "pressure": "800.32hPa",
        "altitude": "320m"
    },
    {
        "Ambient Temperature": "17.33\u00b0C",
        "Humidity": "30.33%",
        "pressure": "800.33hPa",
        "altitude": "330m"
    },
    {
        "Ambient Temperature": "17.34\u00b0C",
        "Humidity": "30.34%",
        "pressure": "800.34hPa",
        "altitude": "340m"
    },
    {
        "Ambient Temperature": "17.35\u00b0C",
        "Humidity": "30.35%",
        "pressure": "800.35hPa",
        "altitude": "350m"
    },
    {
        "Ambient Temperature": "17.36\u00b0C",
        "Humidity": "30.36%",
        "pressure": "800.36hPa",
        "altitude": "360m"
    },
    {
        "Ambient Temperature": "17.37\u00b0C",
        "Humidity": "30.37%",
        "pressure": "800.37hPa",
        "altitude": "370m"
    },
    {
        "Ambient Temperature": "17.38\u00b0C",
        "Humidity": "30.38%",
        "pressure": "800.38hPa",
        "altitude": "380m"
    },
    {
        "Ambient Temperature": "17.39\u00b0C",
        "Humidity": "30.39%",
        "pressure": "800.39hPa",
        "altitude": "390m"
    },
    {
        "Ambient Temperature": "17.40\u00b0C",
        "Humidity": "30.40%",
        "pressure": "800.40hPa",
        "altitude": "400m"
    },
    {
        "Ambient Temperature": "17.41\u00b0C",
        "Humidity": "30.41%",
        "pressure": "800.41hPa",
        "altitude": "410m"
    },
    {
        "Ambient Temperature": "17.42\u00b0C",
        "Humidity": "30.42%",
        "pressure": "800.42hPa",
        "altitude": "420m"
    },
    {
        "Ambient Temperature": "17.43\u00b0C",
        "Humidity": "30.43%",
        "pressure": "800.43hPa",
        "altitude": "430m"
    },
    {
        "Ambient Temperature": "17.44\u00b0C",
        "Humidity": "30.44%",
        "pressure": "800.44hPa",
        "altitude": "440m"
    },
    {
        "Ambient Temperature": "17.45\u00b0C",
        "Humidity": "30.45%",
        "pressure": "800.45hPa",
        "altitude": "450m"
    },
    {
        "Ambient Temperature": "17.46\u00b0C",
        "Humidity": "30.46%",
        "pressure": "800.46hPa",
        "altitude": "460m"
    },
    {
        "Ambient Temperature": "17.47\u00b0C",
        "Humidity": "30.47%",
        "pressure": "800.47hPa",
        "altitude": "470m"
    },
    {
        "Ambient Temperature": "17.48\u00b0C",
        "Humidity": "30.48%",
        "pressure": "800.48hPa",
        "altitude": "480m"
    },
    {
        "Ambient Temperature": "17.49\u00b0C",
        "Humidity": "30.49%",
        "pressure": "800.49hPa",
        "altitude": "490m"
    },
    {
        "Ambient Temperature": "17.50\u00b0C",
        "Humidity": "30.50%",
        "pressure": "800.50hPa",
        "altitude": "500m"
    },
    {
        "Ambient Temperature": "17.51\u00b0C",
        "Humidity": "30.51%",
        "pressure": "800.51hPa",
        "altitude": "510m"
    }
]