[
    {
        "Battery Temperature 1": "5.01\u00b0C",
        "Battery Temperature 2": "7.00\u00b0C",
        "Battery Temperature 3": "11.00\u00b0C",
        "Battery Temperature 4": "15.00\u00b0C",
        "Board Temperature": "14.00\u00b0C"
    },
    {
        "Battery Temperature 1": "5.02\u00b0C",
        "Battery Temperature 2": "8.00\u00b0C",
        "Battery Temperature 3": "15.00\u00b0C",
        "Battery Temperature 4": "22.00\u00b0C",
        "Board Temperature": "24.00\u00b0C"
    },
    {
        "Battery Temperature 1": "5.03\u00b0C",
        "Battery Temperature 2": "9.00\u00b0C",
        "Battery Temperature 3": "19.00\u00b0C",
        "Battery Temperature 4": "29.00\u00b0C",
        "Board Temperature": "34.00\u00b0C"
    },
    {
        "Battery Temperature 1": "5.04\u00b0C",
        "Battery Temperature 2": "10.00\u00b0C",
        "Battery Temperature 3": "23.00\u00b0C",
        "Battery Temperature 4": "36.00\u00b0C",
        "Board Temperature": "44.00\u00b0C"
    },
    {
        "Battery Temperature 1": "5.05\u00b0C",
        "Battery Temperature 2": "11.00\u00b0C",
        "Battery Temperature 3": "27.00\u00b0C",
        "Battery Temperature 4": "43.00\u00b0C",
        "Board Temperature": "54.00\u00b0C"
    },
    {
        "Battery Temperature 1": "5.06\u00b0C",
        "Battery Temperature 2": "12.00\u00b0C",
        "Battery Temperature 3": "31.00\u00b0C",
        "Battery Temperature 4": "50.00\u00b0C",
        "Board Temperature": "64.00\u00b0C"
    },
    {
        "Battery Temperature 1": "5.07\u00b0C",
        "Battery Temperature 2": "13.00\u00b0C",
        "Battery Temperature 3": "35.00\u00b0C",
        "Battery Temperature 4": "57.00\u00b0C",
        "Board Temperature": "74.00\u00b0C"
    },
    {
        "Battery Temperature 1": "5.08\u00b0C",
        "Battery Temperature 2": "14.00\u00b0C",
        "Battery Temperature 3": "39.00\u00b0C",
        "Battery Temperature 4": "64.00\u00b0C",
        "Board Temperature": "84.00\u00b0C"
    },
    {
        "Battery Temperature 1": "5.09\u00b0C",
        "Battery Temperature 2": "15.00\u00b0C",
        "Battery Temperature 3": "43.00\u00b0C",
        "Battery Temperature 4": "71.00\u00b0C",
        "Board Temperature": "94.00\u00b0C"
    },
    {
        "Battery Temperature 1": "5.10\u00b0C",
        "Battery Temperature 2": "16.00\u00b0C",
        "Battery Temperature 3": "47.00\u00b0C",
        "Battery Temperature 4": "78.00\u00b0C",
        "Board Temperature": "104.00\u00b0C"
    },
    {
        "Battery Temperature 1": "5.11\u00b0C",
        "Battery Temperature 2": "17.00\u00b0C",
        "Battery Temperature 3": "51.00\u00b0C",
        "Battery Temperature 4": "85.00\u00b0C",
        "Board Temperature": "114.00\u00b0C"
    },
    {
        "Battery Temperature 1": "5.12\u00b0C",
        "Battery Temperature 2": "18.00\u00b0C",
        "Battery Temperature 3": "55.00\u00b0C",
        "Battery Temperature 4": "92.00\u00b0C",
        "Board Temperature": "124.00\u00b0C"
    },
    {
        "Battery Temperature 1": "5.13\u00b0C",
        "Battery Temperature 2": "19.00\u00b0C",
        "Battery Temperature 3": "59.00\u00b0C",
        "Battery Temperature 4": "99.00\u00b0C",
        "Board Temperature": "134.00\u00b0C"
    },
    {
        "Battery Temperature 1": "5.14\u00b0C",
        "Battery Temperature 2": "20.00\u00b0C",
        "Battery Temperature 3": "63.00\u00b0C",
        "Battery Temperature 4": "106.00\u00b0C",
        "Board Temperature": "144.00\u00b0C"
    },
    {
        "Battery Temperature 1": "5.15\u00b0C",
        "Battery Temperature 2": "21.00\u00b0C",
        "Battery Temperature 3": "67.00\u00b0C",
        "Battery Temperature 4": "113.00\u00b0C",
        "Board Temperature": "154.00\u00b0C"
    },
    {
        "Battery Temperature 1": "5.16\u00b0C",
        "Battery Temperature 2": "22.00\u00b0C",
        "Battery Temperature 3": "71.00\u00b0C",
        "Battery Temperature 4": "120.00\u00b0C",
        "Board Temperature": "164.00\u00b0C"
    },
    {
        "Battery Temperature 1": "5.17\u00b0C",
        "Battery Temperature 2": "23.00\u00b0C",
        "Battery Temperature 3": "75.00\u00b0C",
        "Battery Temperature 4": "127.00\u00b0C",
        "Board Temperature": "174.00\u00b0C"
    },
    {
        "Battery Temperature 1": "5.18\u00b0C",
        "Battery Temperature 2": "24.00\u00b0C",
        "Battery Temperature 3": "79.00\u00b0C",
        "Battery Temperature 4": "134.00\u00b0C",
        "Board Temperature": "184.00\u00b0C"
    },
    {
        "Battery Temperature 1": "5.19\u00b0C",
        "Battery Temperature 2": "25.00\u00b0C",
        "Battery Temperature 3": "83.00\u00b0C",
        "Battery Temperature 4": "141.00\u00b0C",
        "Board Temperature": "194.00\u00b0C"
    },
    {
        "Battery Temperature 1": "5.20\u00b0C",
        "Battery Temperature 2": "26.00\u00b0C",
        "Battery Temperature 3": "87.00\u00b0C",
        "Battery Temperature 4": "148.00\u00b0C",
        "Board Temperature": "204.00\u00b0C"
    },
    {
        "Battery Temperature 1": "5.21\u00b0C",
        "Battery Temperature 2": "27.00\u00b0C",
        "Battery Temperature 3": "91.00\u00b0C",
        "Battery Temperature 4": "155.00\u00b0C",
        "Board Temperature": "214.00\u00b0C"
    },
    {
        "Battery Temperature 1": "5.22\u00b0C",
        "Battery Temperature 2": "28.00\u00b0C",
        "Battery Temperature 3": "95.00\u00b0C",
        "Battery Temperature 4": "162.00\u00b0C",
        "Board Temperature": "224.00\u00b0C"
    },
    {
        "Battery Temperature 1": "5.01\u00b0C",
        "Battery Temperature 2": "7.00\u00b0C",
        "Battery Temperature 3": "11.00\u00b0C",
        "Battery Temperature 4": "15.00\u00b0C",
        "Board Temperature": "14.00\u00b0C"
    },
    {
        "Battery Temperature 1": "5.02\u00b0C",
        "Battery Temperature 2": "8.00\u00b0C",
        "Battery Temperature 3": "15.00\u00b0C",
        "Battery Temperature 4": "22.00\u00b0C",
        "Board Temperature": "24.00\u00b0C"
    },
    {
        "Battery Temperature 1": "5.03\u00b0C",
        "Battery Temperature 2": "9.00\u00b0C",
        "Battery Temperature 3": "19.00\u00b0C",
        "Battery Temperature 4": "29.00\u00b0C",
        "Board Temperature": "34.00\u00b0C"
    },
    {
        "Battery Temperature 1": "5.04\u00b0C",
        "Battery Temperature 2": "10.00\u00b0C",
        "Battery Temperature 3": "23.00\u00b0C",
        "Battery Temperature 4": "36.00\u00b0C",
        "Board Temperature": "44.00\u00b0C"
    },
    {
        "Battery Temperature 1": "5.05\u00b0C",
        "Battery Temperature 2": "11.00\u00b0C",
        "Battery Temperature 3": "27.00\u00b0C",
        "Battery Temperature 4": "43.00\u00b0C",
        "Board Temperature": "54.00\u00b0C"
    },
    {
        "Battery Temperature 1": "5.06\u00b0C",
        "Battery Temperature 2": "12.00\u00b0C",
        "Battery Temperature 3": "31.00\u00b0C",
        "Battery Temperature 4": "50.00\u00b0C",
        "Board Temperature": "64.00\u00b0C"
    },
    {
        "Battery Temperature 1": "5.07\u00b0C",
        "Battery Temperature 2": "13.00\u00b0C",
        "Battery Temperature 3": "35.00\u00b0C",
        "Battery Temperature 4": "57.00\u00b0C",
        "Board Temperature": "74.00\u00b0C"
    },
    {
        "Battery Temperature 1": "5.08\u00b0C",
        "Battery Temperature 2": "14.00\u00b0C",
        "Battery Temperature 3": "39.00\u00b0C",
        "Battery Temperature 4": "64.00\u00b0C",
        "Board Temperature": "84.00\u00b0C"
    },
    {
        "Battery Temperature 1": "5.09\u00b0C",
        "Battery Temperature 2": "15.00\u00b0C",
        "Battery Temperature 3": "43.00\u00b0C",
        "Battery Temperature 4": "71.00\u00b0C",
        "Board Temperature": "94.00\u00b0C"
    },
    {
        "Battery Temperature 1": "5.10\u00b0C",
        "Battery Temperature 2": "16.00\u00b0C",
        "Battery Temperature 3": "47.00\u00b0C",
        "Battery Temperature 4": "78.00\u00b0C",
        "Board Temperature": "104.00\u00b0C"
    },
    {
        "Battery Temperature 1": "5.11\u00b0C",
        "Battery Temperature 2": "17.00\u00b0C",
        "Battery Temperature 3": "51.00\u00b0C",
        "Battery Temperature 4": "85.00\u00b0C",
        "Board Temperature": "114.00\u00b0C"
    },
    {
        "Battery Temperature 1": "5.12\u00b0C",
        "Battery Temperature 2": "18.00\u00b0C",
        "Battery Temperature 3": "55.00\u00b0C",
        "Battery Temperature 4": "92.00\u00b0C",
        "Board Temperature": "124.00\u00b0C"
    },
    {
        "Battery Temperature 1": "5.13\u00b0C",
        "Battery Temperature 2": "19.00\u00b0C",
        "Battery Temperature 3": "59.00\u00b0C",
        "Battery Temperature 4": "99.00\u00b0C",
        "Board Temperature": "134.00\u00b0C"
    },
    {
        "Battery Temperature 1": "5.14\u00b0C",
        "Battery Temperature 2": "20.00\u00b0C",
        "Battery Temperature 3": "63.00\u00b0C",
        "Battery Temperature 4": "106.00\u00b0C",
        "Board Temperature": "144.00\u00b0C"
    },
    {
        "Battery Temperature 1": "5.15\u00b0C",
        "Battery Temperature 2": "21.00\u00b0C",
        "Battery Temperature 3": "67.00\u00b0C",
        "Battery Temperature 4": "113.00\u00b0C",
        "Board Temperature": "154.00\u00b0C"
    },
    {
        "Battery Temperature 1": "5.16\u00b0C",
        "Battery Temperature 2": "22.00\u00b0C",
        "Battery Temperature 3": "71.00\u00b0C",
        "Battery Temperature 4": "120.00\u00b0C",
        "Board Temperature": "164.00\u00b0C"
    },
    {
        "Battery Temperature 1": "5.17\u00b0C",
        "Battery Temperature 2": "23.00\u00b0C",
        "Battery Temperature 3": "75.00\u00b0C",
        "Battery Temperature 4": "127.00\u00b0C",
        "Board Temperature": "174.00\u00b0C"
    },
    {
        "Battery Temperature 1": "5.18\u00b0C",
        "Battery Temperature 2": "24.00\u00b0C",
        "Battery Temperature 3": "79.00\u00b0C",
        "Battery Temperature 4": "134.00\u00b0C",
        "Board Temperature": "184.00\u00b0C"
    },
    {
        "Battery Temperature 1": "5.19\u00b0C",
        "Battery Temperature 2": "25.00\u00b0C",
        "Battery Temperature 3": "83.00\u00b0C",
        "Battery Temperature 4": "141.00\u00b0C",
        "Board Temperature": "194.00\u00b0C"
    },
    {
        "Battery Temperature 1": "5.20\u00b0C",
        "Battery Temperature 2": "26.00\u00b0C",
        "Battery Temperature 3": "87.00\u00b0C",
        "Battery Temperature 4": "148.00\u00b0C",
        "Board Temperature": "204.00\u00b0C"
    },
    {
        "Battery Temperature 1": "5.21\u00b0C",
        "Battery Temperature 2": "27.00\u00b0C",
        "Battery Temperature 3": "91.00\u00b0C",
        "Battery Temperature 4": "155.00\u00b0C",
        "Board Temperature": "214.00\u00b0C"
    },
    {
        "Battery Temperature 1": "5.22\u00b0C",
        "Battery Temperature 2": "28.00\u00b0C",
        "Battery Temperature 3": "95.00\u00b0C",
        "Battery Temperature 4": "162.00\u00b0C",
        "Board Temperature": "224.00\u00b0C"
    },
    {
        "Battery Temperature 1": "5.23\u00b0C",
        "Battery Temperature 2": "29.00\u00b0C",
        "Battery Temperature 3": "99.00\u00b0C",
        "Battery Temperature 4": "169.00\u00b0C",
        "Board Temperature": "234.00\u00b0C"
    },
    {
        "Battery Temperature 1": "5.24\u00b0C",
        "Battery Temperature 2": "30.00\u00b0C",
        "Battery Temperature 3": "103.00\u00b0C",
        "Battery Temperature 4": "176.00\u00b0C",
        "Board Temperature": "244.00\u00b0C"
    },
    {
        "Battery Temperature 1": "5.25\u00b0C",
        "Battery Temperature 2": "31.00\u00b0C",
        "Battery Temperature 3": "107.00\u00b0C",
        "Battery Temperature 4": "183.00\u00b0C",
        "Board Temperature": "254.00\u00b0C"
    },
    {
        "Battery Temperature 1": "5.26\u00b0C",
        "Battery Temperature 2": "32.00\u00b0C",
        "Battery Temperature 3": "111.00\u00b0C",
        "Battery Temperature 4": "190.00\u00b0C",
        "Board Temperature": "264.00\u00b0C"
    },
    {
        "Battery Temperature 1": "5.27\u00b0C",
        "Battery Temperature 2": "33.00\u00b0C",
        "Battery Temperature 3": "115.00\u00b0C",
        "Battery Temperature 4": "197.00\u00b0C",
        "Board Temperature": "274.00\u00b0C"
    },
    {
        "Battery Temperature 1": "5.01\u00b0C",
        "Battery Temperature 2": "7.00\u00b0C",
        "Battery Temperature 3": "11.00\u00b0C",
        "Battery Temperature 4": "15.00\u00b0C",
        "Board Temperature": "14.00\u00b0C"
    },
    {
        "Battery Temperature 1": "5.02\u00b0C",
        "Battery Temperature 2": "8.00\u00b0C",
        "Battery Temperature 3": "15.00\u00b0C",
        "Battery Temperature 4": "22.00\u00b0C",
        "Board Temperature": "24.00\u00b0C"
    },
    {
        "Battery Temperature 1": "5.03\u00b0C",
        "Battery Temperature 2": "9.00\u00b0C",
        "Battery Temperature 3": "19.00\u00b0C",
        "Battery Temperature 4": "29.00\u00b0C",
        "Board Temperature": "34.00\u00b0C"
    },
    {
        "Battery Temperature 1": "5.04\u00b0C",
        "Battery Temperature 2": "10.00\u00b0C",
        "Battery Temperature 3": "23.00\u00b0C",
        "Battery Temperature 4": "36.00\u00b0C",
        "Board Temperature": "44.00\u00b0C"
    },
    {
        "Battery Temperature 1": "5.05\u00b0C",
        "Battery Temperature 2": "11.00\u00b0C",
        "Battery Temperature 3": "27.00\u00b0C",
        "Battery Temperature 4": "43.00\u00b0C",
        "Board Temperature": "54.00\u00b0C"
    },
    {
        "Battery Temperature 1": "5.06\u00b0C",
        "Battery Temperature 2": "12.00\u00b0C",
        "Battery Temperature 3": "31.00\u00b0C",
        "Battery Temperature 4": "50.00\u00b0C",
        "Board Temperature": "64.00\u00b0C"
    },
    {
        "Battery Temperature 1": "5.07\u00b0C",
        "Battery Temperature 2": "13.00\u00b0C",
        "Battery Temperature 3": "35.00\u00b0C",
        "Battery Temperature 4": "57.00\u00b0C",
        "Board Temperature": "74.00\u00b0C"
    },
    {
        "Battery Temperature 1": "5.08\u00b0C",
        "Battery Temperature 2": "14.00\u00b0C",
        "Battery Temperature 3": "39.00\u00b0C",
        "Battery Temperature 4": "64.00\u00b0C",
        "Board Temperature": "84.00\u00b0C"
    },
    {
        "Battery Temperature 1": "5.09\u00b0C",
        "Battery Temperature 2": "15.00\u00b0C",
        "Battery Temperature 3": "43.00\u00b0C",
        "Battery Temperature 4": "71.00\u00b0C",
        "Board Temperature": "94.00\u00b0C"
    },
    {
        "Battery Temperature 1": "5.10\u00b0C",
        "Battery Temperature 2": "16.00\u00b0C",
        "Battery Temperature 3": "47.00\u00b0C",
        "Battery Temperature 4": "78.00\u00b0C",
        "Board Temperature": "104.00\u00b0C"
    },
    {
        "Battery Temperature 1": "5.11\u00b0C",
        "Battery Temperature 2": "17.00\u00b0C",
        "Battery Temperature 3": "51.00\u00b0C",
        "Battery Temperature 4": "85.00\u00b0C",
        "Board Temperature": "114.00\u00b0C"
    },
    {
        "Battery Temperature 1": "5.12\u00b0C",
        "Battery Temperature 2": "18.00\u00b0C",
        "Battery Temperature 3": "55.00\u00b0C",
        "Battery Temperature 4": "92.00\u00b0C",
        "Board Temperature": "124.00\u00b0C"
    },
    {
        "Battery Temperature 1": "5.13\u00b0C",
        "Battery Temperature 2": "19.00\u00b0C",
        "Battery Temperature 3": "59.00\u00b0C",
        "Battery Temperature 4": "99.00\u00b0C",
        "Board Temperature": "134.00\u00b0C"
    },
    {
        "Battery Temperature 1": "5.14\u00b0C",
        "Battery Temperature 2": "20.00\u00b0C",
        "Battery Temperature 3": "63.00\u00b0C",
        "Battery Temperature 4": "106.00\u00b0C",
        "Board Temperature": "144.00\u00b0C"
    },
    {
        "Battery Temperature 1": "5.15\u00b0C",
        "Battery Temperature 2": "21.00\u00b0C",
        "Battery Temperature 3": "67.00\u00b0C",
        "Battery Temperature 4": "113.00\u00b0C",
        "Board Temperature": "154.00\u00b0C"
    },
    {
        "Battery Temperature 1": "5.16\u00b0C",
        "Battery Temperature 2": "22.00\u00b0C",
        "Battery Temperature 3": "71.00\u00b0C",
        "Battery Temperature 4": "120.00\u00b0C",
        "Board Temperature": "164.00\u00b0C"
    },
    {
        "Battery Temperature 1": "5.01\u00b0C",
        "Battery Temperature 2": "7.00\u00b0C",
        "Battery Temperature 3": "11.00\u00b0C",
        "Battery Temperature 4": "15.00\u00b0C",
        "Board Temperature": "14.00\u00b0C"
    },
    {
        "Battery Temperature 1": "5.02\u00b0C",
        "Battery Temperature 2": "8.00\u00b0C",
        "Battery Temperature 3": "15.00\u00b0C",
        "Battery Temperature 4": "22.00\u00b0C",
        "Board Temperature": "24.00\u00b0C"
    },
    {
        "Battery Temperature 1": "5.03\u00b0C",
        "Battery Temperature 2": "9.00\u00b0C",
        "Battery Temperature 3": "19.00\u00b0C",
        "Battery Temperature 4": "29.00\u00b0C",
        "Board Temperature": "34.00\u00b0C"
    },
    {
        "Battery Temperature 1": "5.04\u00b0C",
        "Battery Temperature 2": "10.00\u00b0C",
        "Battery Temperature 3": "23.00\u00b0C",
        "Battery Temperature 4": "36.00\u00b0C",
        "Board Temperature": "44.00\u00b0C"
    },
    {
        "Battery Temperature 1": "5.05\u00b0C",
        "Battery Temperature 2": "11.00\u00b0C",
        "Battery Temperature 3": "27.00\u00b0C",
        "Battery Temperature 4": "43.00\u00b0C",
        "Board Temperature": "54.00\u00b0C"
    },
    {
        "Battery Temperature 1": "5.06\u00b0C",
        "Battery Temperature 2": "12.00\u00b0C",
        "Battery Temperature 3": "31.00\u00b0C",
        "Battery Temperature 4": "50.00\u00b0C",
        "Board Temperature": "64.00\u00b0C"
    },
    {
        "Battery Temperature 1": "5.07\u00b0C",
        "Battery Temperature 2": "13.00\u00b0C",
        "Battery Temperature 3": "35.00\u00b0C",
        "Battery Temperature 4": "57.00\u00b0C",
        "Board Temperature": "74.00\u00b0C"
    },
    {
        "Battery Temperature 1": "5.08\u00b0C",
        "Battery Temperature 2": "14.00\u00b0C",
        "Battery Temperature 3": "39.00\u00b0C",
        "Battery Temperature 4": "64.00\u00b0C",
        "Board Temperature": "84.00\u00b0C"
    },
    {
        "Battery Temperature 1": "5.09\u00b0C",
        "Battery Temperature 2": "15.00\u00b0C",
        "Battery Temperature 3": "43.00\u00b0C",
        "Battery Temperature 4": "71.00\u00b0C",
        "Board Temperature": "94.00\u00b0C"
    },
    {
        "Battery Temperature 1": "5.10\u00b0C",
        "Battery Temperature 2": "16.00\u00b0C",
        "Battery Temperature 3": "47.00\u00b0C",
        "Battery Temperature 4": "78.00\u00b0C",
        "Board Temperature": "104.00\u00b0C"
    },
    {
        "Battery Temperature 1": "5.11\u00b0C",
        "Battery Temperature 2": "17.00\u00b0C",
        "Battery Temperature 3": "51.00\u00b0C",
        "Battery Temperature 4": "85.00\u00b0C",
        "Board Temperature": "114.00\u00b0C"
    },
    {
        "Battery Temperature 1": "5.12\u00b0C",
        "Battery Temperature 2": "18.00\u00b0C",
        "Battery Temperature 3": "55.00\u00b0C",
        "Battery Temperature 4": "92.00\u00b0C",
        "Board Temperature": "124.00\u00b0C"
    },
    {
        "Battery Temperature 1": "5.13\u00b0C",
        "Battery Temperature 2": "19.00\u00b0C",
        "Battery Temperature 3": "59.00\u00b0C",
        "Battery Temperature 4": "99.00\u00b0C",
        "Board Temperature": "134.00\u00b0C"
    },
    {
        "Battery Temperature 1": "5.14\u00b0C",
        "Battery Temperature 2": "20.00\u00b0C",
        "Battery Temperature 3": "63.00\u00b0C",
        "Battery Temperature 4": "106.00\u00b0C",
        "Board Temperature": "144.00\u00b0C"
    },
    {
        "Battery Temperature 1": "5.15\u00b0C",
        "Battery Temperature 2": "21.00\u00b0C",
        "Battery Temperature 3": "67.00\u00b0C",
        "Battery Temperature 4": "113.00\u00b0C",
        "Board Temperature": "154.00\u00b0C"
    },
    {
        "Battery Temperature 1": "5.16\u00b0C",
        "Battery Temperature 2": "22.00\u00b0C",
        "Battery Temperature 3": "71.00\u00b0C",
        "Battery Temperature 4": "120.00\u00b0C",
        "Board Temperature": "164.00\u00b0C"
    },
    {
        "Battery Temperature 1": "5.17\u00b0C",
        "Battery Temperature 2": "23.00\u00b0C",
        "Battery Temperature 3": "75.00\u00b0C",
        "Battery Temperature 4": "127.00\u00b0C",
        "Board Temperature": "174.00\u00b0C"
    },
    {
        "Battery Temperature 1": "5.18\u00b0C",
        "Battery Temperature 2": "24.00\u00b0C",
        "Battery Temperature 3": "79.00\u00b0C",
        "Battery Temperature 4": "134.00\u00b0C",
        "Board Temperature": "184.00\u00b0C"
    },
    {
        "Battery Temperature 1": "5.19\u00b0C",
        "Battery Temperature 2": "25.00\u00b0C",
        "Battery Temperature 3": "83.00\u00b0C",
        "Battery Temperature 4": "141.00\u00b0C",
        "Board Temperature": "194.00\u00b0C"
    },
    {
        "Battery Temperature 1": "5.20\u00b0C",
        "Battery Temperature 2": "26.00\u00b0C",
        "Battery Temperature 3": "87.00\u00b0C",
        "Battery Temperature 4": "148.00\u00b0C",
        "Board Temperature": "204.00\u00b0C"
    },
    {
        "Battery Temperature 1": "5.21\u00b0C",
        "Battery Temperature 2": "27.00\u00b0C",
        "Battery Temperature 3": "91.00\u00b0C",
        "Battery Temperature 4": "155.00\u00b0C",
        "Board Temperature": "214.00\u00b0C"
    },
    {
        "Battery Temperature 1": "5.22\u00b0C",
        "Battery Temperature 2": "28.00\u00b0C",
        "Battery Temperature 3": "95.00\u00b0C",
        "Battery Temperature 4": "162.00\u00b0C",
        "Board Temperature": "224.00\u00b0C"
    },
    {
        "Battery Temperature 1": "5.23\u00b0C",
        "Battery Temperature 2": "29.00\u00b0C",
        "Battery Temperature 3": "99.00\u00b0C",
        "Battery Temperature 4": "169.00\u00b0C",
        "Board Temperature": "234.00\u00b0C"
    },
    {
        "Battery Temperature 1": "5.24\u00b0C",
        "Battery Temperature 2": "30.00\u00b0C",
        "Battery Temperature 3": "103.00\u00b0C",
        "Battery Temperature 4": "176.00\u00b0C",
        "Board Temperature": "244.00\u00b0C"
    },
    {
        "Battery Temperature 1": "5.25\u00b0C",
        "Battery Temperature 2": "31.00\u00b0C",
        "Battery Temperature 3": "107.00\u00b0C",
        "Battery Temperature 4": "183.00\u00b0C",
        "Board Temperature": "254.00\u00b0C"
    },
    {
        "Battery Temperature 1": "5.26\u00b0C",
        "Battery Temperature 2": "32.00\u00b0C",
        "Battery Temperature 3": "111.00\u00b0C",
        "Battery Temperature 4": "190.00\u00b0C",
        "Board Temperature": "264.00\u00b0C"
    },
    {
        "Battery Temperature 1": "5.27\u00b0C",
        "Battery Temperature 2": "33.00\u00b0C",
        "Battery Temperature 3": "115.00\u00b0C",
        "Battery Temperature 4": "197.00\u00b0C",
        "Board Temperature": "274.00\u00b0C"
    },
    {
        "Battery Temperature 1": "5.28\u00b0C",
        "Battery Temperature 2": "34.00\u00b0C",
        "Battery Temperature 3": "119.00\u00b0C",
        "Battery Temperature 4": "204.00\u00b0C",
        "Board Temperature": "284.00\u00b0C"
    },
    {
        "Battery Temperature 1": "5.29\u00b0C",
        "Battery Temperature 2": "35.00\u00b0C",
        "Battery Temperature 3": "123.00\u00b0C",
        "Battery Temperature 4": "211.00\u00b0C",
        "Board Temperature": "294.00\u00b0C"
    },
    {
        "Battery Temperature 1": "5.30\u00b0C",
        "Battery Temperature 2": "36.00\u00b0C",
        "Battery Temperature 3": "127.00\u00b0C",
        "Battery Temperature 4": "218.00\u00b0C",
        "Board Temperature": "304.00\u00b0C"
    },
    {
        "Battery Temperature 1": "5.31\u00b0C",
        "Battery Temperature 2": "37.00\u00b0C",
        "Battery Temperature 3": "131.00\u00b0C",
        "Battery Temperature 4": "225.00\u00b0C",
        "Board Temperature": "314.00\u00b0C"
    },
    {
        "Battery Temperature 1": "5.32\u00b0C",
        "Battery Temperature 2": "38.00\u00b0C",
        "Battery Temperature 3": "135.00\u00b0C",
        "Battery Temperature 4": "232.00\u00b0C",
        "Board Temperature": "324.00\u00b0C"
    },
    {
        "Battery Temperature 1": "5.33\u00b0C",
        "Battery Temperature 2": "39.00\u00b0C",
        "Battery Temperature 3": "139.00\u00b0C",
        "Battery Temperature 4": "239.00\u00b0C",
        "Board Temperature": "334.00\u00b0C"
    },
    {
        "Battery Temperature 1": "5.34\u00b0C",
        "Battery Temperature 2": "40.00\u00b0C",
        "Battery Temperature 3": "143.00\u00b0C",
        "Battery Temperature 4": "246.00\u00b0C",
        "Board Temperature": "344.00\u00b0C"
    },
    {
        "Battery Temperature 1": "5.35\u00b0C",
        "Battery Temperature 2": "41.00\u00b0C",
        "Battery Temperature 3": "147.00\u00b0C",
        "Battery Temperature 4": "253.00\u00b0C",
        "Board Temperature": "354.00\u00b0C"
    },
    {
        "Battery Temperature 1": "5.36\u00b0C",
        "Battery Temperature 2": "42.00\u00b0C",
        "Battery Temperature 3": "151.00\u00b0C",
        "Battery Temperature 4": "260.00\u00b0C",
        "Board Temperature": "364.00\u00b0C"
    },
    {
        "Battery Temperature 1": "5.37\u00b0C",
        "Battery Temperature 2": "43.00\u00b0C",
        "Battery Temperature 3": "155.00\u00b0C",
        "Battery Temperature 4": "267.00\u00b0C",
        "Board Temperature": "374.00\u00b0C"
    },
    {
        "Battery Temperature 1": "5.38\u00b0C",
        "Battery Temperature 2": "44.00\u00b0C",
        "Battery Temperature 3": "159.00\u00b0C",
        "Battery Temperature 4": "274.00\u00b0C",
        "Board Temperature": "384.00\u00b0C"
    },
    {
        "Battery Temperature 1": "5.39\u00b0C",
        "Battery Temperature 2": "45.00\u00b0C",
        "Battery Temperature 3": "163.00\u00b0C",
        "Battery Temperature 4": "281.00\u00b0C",
        "Board Temperature": "394.00\u00b0C"
    },
    {
        "Battery Temperature 1": "5.40\u00b0C",
        "Battery Temperature 2": "46.00\u00b0C",
        "Battery Temperature 3": "167.00\u00b0C",
        "Battery Temperature 4": "288.00\u00b0C",
        "Board Temperature": "404.00\u00b0C"
    },
    {
        "Battery Temperature 1": "5.41\u00b0C",
        "Battery Temperature 2": "47.00\u00b0C",
        "Battery Temperature 3": "171.00\u00b0C",
        "Battery Temperature 4": "295.00\u00b0C",
        "Board Temperature": "414.00\u00b0C"
    },
    {
        "Battery Temperature 1": "5.42\u00b0C",
        "Battery Temperature 2": "48.00\u00b0C",
        "Battery Temperature 3": "175.00\u00b0C",
        "Battery Temperature 4": "302.00\u00b0C",
        "Board Temperature": "424.00\u00b0C"
    },
    {
        "Battery Temperature 1": "5.43\u00b0C",
        "Battery Temperature 2": "49.00\u00b0C",
        "Battery Temperature 3": "179.00\u00b0C",
        "Battery Temperature 4": "309.00\u00b0C",
        "Board Temperature": "434.00\u00b0C"
    },
    {
        "Battery Temperature 1": "5.44\u00b0C",
        "Battery Temperature 2": "50.00\u00b0C",
        "Battery Temperature 3": "183.00\u00b0C",
        "Battery Temperature 4": "316.00\u00b0C",
        "Board Temperature": "444.00\u00b0C"
    },
    {
        "Battery Temperature 1": "5.45\u00b0C",
        "Battery Temperature 2": "51.00\u00b0C",
        "Battery Temperature 3": "187.00\u00b0C",
        "Battery Temperature 4": "323.00\u00b0C",
        "Board Temperature": "454.00\u00b0C"
    },
    {
        "Battery Temperature 1": "5.46\u00b0C",
        "Battery Temperature 2": "52.00\u00b0C",
        "Battery Temperature 3": "191.00\u00b0C",
        "Battery Temperature 4": "330.00\u00b0C",
        "Board Temperature": "464.00\u00b0C"
    },
    {
        "Battery Temperature 1": "5.47\u00b0C",
        "Battery Temperature 2": "53.00\u00b0C",
        "Battery Temperature 3": "195.00\u00b0C",
        "Battery Temperature 4": "337.00\u00b0C",
        "Board Temperature": "474.00\u00b0C"
    },
    {
        "Battery Temperature 1": "5.48\u00b0C",
        "Battery Temperature 2": "54.00\u00b0C",
        "Battery Temperature 3": "199.00\u00b0C",
        "Battery Temperature 4": "344.00\u00b0C",
        "Board Temperature": "484.00\u00b0C"
    },
    {
        "Battery Temperature 1": "5.49\u00b0C",
        "Battery Temperature 2": "55.00\u00b0C",
        "Battery Temperature 3": "203.00\u00b0C",
        "Battery Temperature 4": "351.00\u00b0C",
        "Board Temperature": "494.00\u00b0C"
    },
    {
        "Battery Temperature 1": "5.50\u00b0C",
        "Battery Temperature 2": "56.00\u00b0C",
        "Battery Temperature 3": "207.00\u00b0C",
        "Battery Temperature 4": "358.00\u00b0C",
        "Board Temperature": "504.00\u00b0C"
    },
    {
        "Battery Temperature 1": "5.51\u00b0C",
        "Battery Temperature 2": "57.00\u00b0C",
        "Battery Temperature 3": "211.00\u00b0C",
        "Battery Temperature 4": "365.00\u00b0C",
        "Board Temperature": "514.00\u00b0C"
    }
]